id_codigo,nombre_producto,cantidad,precio_usado,total,periodo
7501006705942,ACE 250G,1,16.00,16.00,2026-09-01
7501007445557,ACE 500G,1,30.00,30.00,2026-09-01
75002343,ACEITE 123 1L,7,56.00,392.00,2026-09-01
75005443,ACEITE 123 500ML,4,31.00,124.00,2026-09-01
7501039121993,ACEITE NUTRIOLI 400ML,16,28.00,448.00,2026-09-01
7501039122846,ACEITE NUTRIOLI 800ML,8,49.00,392.00,2026-09-01
OLV,ACEITE OLIVO 45ML,7,10.00,70.00,2026-09-01
7501006559330,ACT II CHILE Y LIMON 80G,1,24.00,24.00,2026-09-01
7501006559026,ACT II EXTRA MANTEQUILLA 80G,16,20.00,320.00,2026-09-01
7501006559309,ACT II INFIERNO 80G,1,24.00,24.00,2026-09-01
7501006559019,ACT II MANTEQUILLA 80G,13,20.00,260.00,2026-09-01
7501006559002,ACT II NATURAL 80G,4,20.00,80.00,2026-09-01
7501006559316,ACT II QUESO JALAPENO 80G,6,24.00,144.00,2026-09-01
7501055313006,AGUA CIEL 10L,50,54.00,2700.00,2026-09-01
75062576,ALKASELTZER 2PZ,5,10.00,50.00,2026-09-01
7501055900039,ALPURA CLASICA 1L,115,35.00,4025.00,2026-09-01
7501055904143,ALPURA DESLACTOSADA LIGHT,16,36.00,576.00,2026-09-01
7501055901425,ALPURA DESLACTOSADA 1L,102,36.00,3672.00,2026-09-01
7501055900800,ALPURA LIGHT 1L,3,36.00,108.00,2026-09-01
7501055915668,ALPURA MALTEADA CHOCOLATE 200ML,17,14.00,238.00,2026-09-01
7501055915682,ALPURA MALTEADA FRESA 200ML,14,14.00,196.00,2026-09-01
7501055915705,ALPURA MALTEADA VAINILLA 200ML,13,14.00,182.00,2026-09-01
7501055914258,ALPURA PRO 1L,8,39.00,312.00,2026-09-01
7501055327317,AMEYAL 2L,10,35.00,350.00,2026-09-01
7501055327300,AMEYAL 600ML,9,22.00,198.00,2026-09-01
7506192507349,AMPER MORA,18,22.00,396.00,2026-09-01
7501065908841,ARIEL 250G,3,16.00,48.00,2026-09-01
7501007455730,ARIEL 500G,2,30.00,60.00,2026-09-01
613008765286,ARIZONA FRESA KIWI 460ML,10,20.00,200.00,2026-09-01
613008765224,ARIZONA MANGO 460ML,9,20.00,180.00,2026-09-01
613008765194,ARIZONA SANDIA 460ML,11,20.00,220.00,2026-09-01
613008765255,ARIZONA TE VERDE,4,20.00,80.00,2026-09-01
ARROZ,ARROZ 1K,5,24.00,120.00,2026-09-01
7501071301452,ARROZ VERDE VALLE 1KG,10,45.00,450.00,2026-09-01
7501045403908,ATUN DOLORES ACEITE 133G,5,27.00,135.00,2026-09-01
7501045400846,ATUN DOLORES ACEITE 295G,1,56.00,56.00,2026-09-01
7501045403915,ATUN DOLORES AGUA 133G,34,27.00,918.00,2026-09-01
7501045400860,ATUN DOLORES AGUA 295G,16,56.00,896.00,2026-09-01
AZU,AZUCAR,31,30.00,930.00,2026-09-01
7501008006788,AZUCARITAS 125G,6,30.00,180.00,2026-09-01
BALON,BALON DE CHOCOLATE,110,8.00,880.00,2026-09-01
7501607500601,BANDERILLA TAMA ROCA 1.4OZ,2,10.00,20.00,2026-09-01
7500810014721,BARRITAS FRESA 75G,9,20.00,180.00,2026-09-01
7500810014738,BARRITAS PINA 75G,4,20.00,80.00,2026-09-01
7506443105720,BENEGASTRO 350G,10,24.00,240.00,2026-09-01
BIC,BICARBONATO,10,5.00,50.00,2026-09-01
7503033120002,BIG VUALA CHOCOLATE 75G,11,15.00,165.00,2026-09-01
7500810029077,BIGOTES CHOCOLATE 80G,23,18.00,414.00,2026-09-01
7500810032985,BIMBO BLANCO 300G,26,27.00,702.00,2026-09-01
7500810029183,BIMBO BLANCO GRANDE 620G,33,52.00,1716.00,2026-09-01
7500810032978,BIMBO INTEGRAL 300G,26,29.00,754.00,2026-09-01
7500810022061,BIMBO INTEGRAL 620G,14,55.00,770.00,2026-09-01
7501000111602,BIMBOLLOS 8PZ 450G,6,56.00,336.00,2026-09-01
7501030472698,BIMBUNUELOS 99G,27,24.00,648.00,2026-09-01
BOI3,BOING SURTIDO 1L,136,36.00,4896.00,2026-09-01
BOI1,BOING SURTIDO 250ML,29,14.00,406.00,2026-09-01
BOI2,BOING SURTIDO 500ML,191,21.00,4011.00,2026-09-01
BB,BOLSA BASURA,16,7.00,112.00,2026-09-01
BBC,BOLSA DE BASURA MEDIANA,2,7.00,14.00,2026-09-01
7500478005833,BOMBITOS GAMESA 150G,5,20.00,100.00,2026-09-01
758104001972,BONAFONT 2L,65,22.00,1430.00,2026-09-01
758104001712,BONAFONT 600ML,53,11.00,583.00,2026-09-01
BONJ,BONAFONT JUGO 1.5L,51,25.00,1275.00,2026-09-01
758104000159,BONAFONT NATURAL 1.5L,114,17.00,1938.00,2026-09-01
758104100422,BONAFONT NATURAL 1L,77,15.00,1155.00,2026-09-01
7500478037483,CACAHUATES CHEETOS 77G,11,22.00,242.00,2026-09-01
7500478043828,CACAHUATES INCOGNITA BOLZAZA 130G,9,29.00,261.00,2026-09-01
7501052410142,CAFE LEGAL 28G,19,10.00,190.00,2026-09-01
CAF,CAFIASPIRINA Y ASPIRINA 2PZ,2,6.00,12.00,2026-09-01
7503023959001,CAMEL 20S (SUELTO),5,9.00,45.00,2026-09-01
C7503023959001,CAMEL 20S (CAJETILLA),15,106.00,1590.00,2026-09-01
7501198350104,CANADA DRY 1L,23,28.00,644.00,2026-09-01
CA,CANELA,16,9.00,144.00,2026-09-01
7500810022801,CANELITAS 120G,23,26.00,598.00,2026-09-01
7501058638083,CARLOS V ORIGINAL 18G,11,14.00,154.00,2026-09-01
7501059299252,CARLOS V SEMI AMARGO,5,14.00,70.00,2026-09-01
7501058611062,CARNATION LECHE EVAPORADA 360G,13,29.00,377.00,2026-09-01
75014339,CATSUP DEL MONTE 220G,4,19.00,76.00,2026-09-01
75053901,CATSUP DEL MONTE 320G,5,24.00,120.00,2026-09-01
6910021007206,CEPILLO COLGATE SUELTO,1,24.00,24.00,2026-09-01
7502263310061,CHAMOY MIGUELITO 250G,2,25.00,50.00,2026-09-01
7500478044214,CHEETOS BOLITA 46G,14,20.00,280.00,2026-09-01
7500478044184,CHEETOS COLMILLO 31G,7,20.00,140.00,2026-09-01
7500478044283,CHEETOS FLAMIN HOT BOLZAZA 115G,20,29.00,580.00,2026-09-01
7500478046676,CHEETOS FLAMIN 58G,23,20.00,460.00,2026-09-01
7500478046034,CHEETOS NACHO 58G,9,20.00,180.00,2026-09-01
7501011155343,CHEETOS PALOMITAS 29G,5,20.00,100.00,2026-09-01
7500478044115,CHEETOS POFF 44G,19,20.00,380.00,2026-09-01
7501011143586,CHEETOS TORCIDITOS 58G,42,20.00,840.00,2026-09-01
7500478044290,CHEETOS TORCIDITOS BOLZAZA 115G,22,29.00,638.00,2026-09-01
7501032600181,CHIPILO MANTEQUILLA 90G,13,24.00,312.00,2026-09-01
7501023318057,CHIPOTLE SAN MARCOS 100G,11,19.00,209.00,2026-09-01
7501023318040,CHIPOTLE SAN MARCOS 215G,5,36.00,180.00,2026-09-01
757528001889,CHIPS FUEGO 170G,19,61.00,1159.00,2026-09-01
7500810024546,CHIPS FUEGO 57G,43,22.00,946.00,2026-09-01
7501000266234,CHIPS JALAPENO 170G,6,61.00,366.00,2026-09-01
7500810024553,CHIPS JALAPENO 57G,29,22.00,638.00,2026-09-01
7501000266203,CHIPS SAL 170G,17,61.00,1037.00,2026-09-01
7500810024560,CHIPS SAL 57G,16,22.00,352.00,2026-09-01
603554114096,CHOCO GALLETIN JUMBO,3,15.00,45.00,2026-09-01
7506205815867,CHOCO MILK,17,8.00,136.00,2026-09-01
75002275,CHOCO ROLES 100G,34,24.00,816.00,2026-09-01
7501073411173,CHOCOLATE ABUELITA 1PZ,6,26.00,156.00,2026-09-01
7506205807589,CHOCOMILK 160G,7,39.00,273.00,2026-09-01
7501000103065,CHOCOTORRO 50G,19,16.00,304.00,2026-09-01
7500478014569,CHOKIS 75G,31,25.00,775.00,2026-09-01
7500478037421,CHOKIS CHOCOBASE 73.5G,2,25.00,50.00,2026-09-01
7500478013944,CHOKIS CLASICAS 180G,6,35.00,210.00,2026-09-01
7501000604685,CHOKIS MORADAS 90G,22,25.00,550.00,2026-09-01
73390007935,CHUPA CHUPS XTREME MORA,1,22.00,22.00,2026-09-01
73390018382,CHUPA CHUPS XTREMES,13,22.00,286.00,2026-09-01
7503020760020,CHURROS CHARLY SAL,14,18.00,252.00,2026-09-01
7500478016587,CHURRUMAIS 70G,27,20.00,540.00,2026-09-01
75000608,CLORALEX 500ML,6,13.00,78.00,2026-09-01
7501025405311,CLORALEX 950ML + 23%,10,22.00,220.00,2026-09-01
7501055371655,COCA 1.35L,131,39.00,5109.00,2026-09-01
7501055313532,COCA 1.75L,169,44.00,7436.00,2026-09-01
7501055328345,COCA 400ML,12,22.00,264.00,2026-09-01
75007614,COCA 600ML,152,24.00,3648.00,2026-09-01
75007614,COCA 600ML,153,24.00,3672.00,2026-09-01
7501055332175,COCA CHOBY 355ML,179,18.00,3222.00,2026-09-01
7501055300952,COCA COLA 1.25L VIDRIO,54,32.00,1728.00,2026-09-01
7501055304745,COCA COLA 3L,139,53.00,7367.00,2026-09-01
7501055361540,COCA LATA 355ML,84,25.00,2100.00,2026-09-01
7501055305360,COCA LIGHT 2L,9,51.00,459.00,2026-09-01
7501055305339,COCA LIGHT 600ML,23,24.00,552.00,2026-09-01
7501055313068,COCA RETORNABLE 3L,96,46.00,4416.00,2026-09-01
7501055320660,COCA SIN AZUCAR 2L,64,32.00,2048.00,2026-09-01
7501055356256,COCA SIN AZUCAR 355ML,149,12.00,1788.00,2026-09-01
7501055320639,COCA SIN AZUCAR 600ML,128,23.00,2944.00,2026-09-01
7501000913282,COFFEE MATE 34G,13,12.00,156.00,2026-09-01
7509546068909,COLGATE TRIPLE ACCION 50ML,2,21.00,42.00,2026-09-01
7501030431220,CONCHAS TIA ROSA 130G,20,24.00,480.00,2026-09-01
TUR,CONEJITO TURIN CH,12,10.00,120.00,2026-09-01
TURG,CONEJITO TURIN GRANDE,33,17.00,561.00,2026-09-01
7501064193859,CORONA EXTRA 473ML,152,29.00,4408.00,2026-09-01
7500478005512,CRACKETS 135G,27,23.00,621.00,2026-09-01
7501055919390,CREMA ALPURA 190ML,60,27.00,1620.00,2026-09-01
7501055916016,CREMA ALPURA 426ML,50,49.00,2450.00,2026-09-01
7501055916030,CREMA ALPURA DESLACTOSADA 426ML,5,50.00,250.00,2026-09-01
7501055919406,CREMA ALPURA DESLACTOSADA 190ML,8,29.00,232.00,2026-09-01
7501020513134,CREMA LALA 200ML,14,27.00,378.00,2026-09-01
7501020561906,CREMA LALA 426ML,15,48.00,720.00,2026-09-01
7500478022885,CREMAX CHOCOLATE 113G,1,26.00,26.00,2026-09-01
7500478022908,CREMAX FRESA 113G,1,26.00,26.00,2026-09-01
7500478022892,CREMAX VAINILLA 113G,1,26.00,26.00,2026-09-01
GAN,CROQUETA GANADOR,32,60.00,1920.00,2026-09-01
MIN,CROQUETA MININO,26,64.00,1664.00,2026-09-01
7501011142299,CRUJITOS 45G,3,22.00,66.00,2026-09-01
7501058655080,CRUNCH COOKIES & CREAM,4,24.00,96.00,2026-09-01
7501059223905,CRUNCH ORIGINAL 40G,12,20.00,240.00,2026-09-01
7503020760006,CHURROS CHARLY CHILE,16,18.00,288.00,2026-09-01
BOC,CUBREBOCAS SUELTO,4,3.00,12.00,2026-09-01
7501000142705,CUERNITO TIA ROSA 100G,10,22.00,220.00,2026-09-01
CUR,CURITA,2,1.00,2.00,2026-09-01
7501000112203,COLCHONES BIMBO 130G,14,19.00,266.00,2026-09-01
7501000103034,DALMATA 55G,12,16.00,192.00,2026-09-01
7501032398583,DANUP FRESA 220G,21,21.00,441.00,2026-09-01
7501032398606,DANUP PINA 220G,12,21.00,252.00,2026-09-01
7501055333851,DEL VALLE DURAZNO 1L,36,36.00,1296.00,2026-09-01
7501055333844,DEL VALLE MANGO 1L,41,36.00,1476.00,2026-09-01
7501055304691,DELAWARE 2L,14,35.00,490.00,2026-09-01
7501055381210,DELAWARE 3L,1,49.00,49.00,2026-09-01
7501055304653,DELAWARE 600ML,34,23.00,782.00,2026-09-01
7501030463719,DELICIOSAS CHISPAS 230G,21,31.00,651.00,2026-09-01
7501030463733,DELICIOSAS VAINILLA 230G,14,31.00,434.00,2026-09-01
DOB,DOBLE QUEMA,7,188.00,1316.00,2026-09-01
7501030474227,DONAS AZUCARADAS 158G,43,24.00,1032.00,2026-09-01
7500810047514,DONAS HERSHEY,3,17.00,51.00,2026-09-01
7501030420262,DONERS 120G,26,28.00,728.00,2026-09-01
7501030418399,DONITAS ESPOLVOREADAS 140G,36,24.00,864.00,2026-09-01
7501030464242,DORADITAS TIA ROSA 127G,41,20.00,820.00,2026-09-01
7501011123595,DORITOS DIABLO 61G,9,22.00,198.00,2026-09-01
7500478026036,DORITOS DINAMITA FLAMIN 70G,18,22.00,396.00,2026-09-01
7501011130272,DORITOS FLAMIN 61G,14,22.00,308.00,2026-09-01
7501011123878,DORITOS INCOGNITA 61G,10,22.00,220.00,2026-09-01
7501011123588,DORITOS NACHO ATREVIDO,72,22.00,1584.00,2026-09-01
7500478044467,DORITOS NACHO BOLZAZA 100G,25,29.00,725.00,2026-09-01
7501011123380,DORITOS PIZZEROLA 61G,24,22.00,528.00,2026-09-01
7501198355581,DR PEPPER SODA 600ML,8,23.00,184.00,2026-09-01
7501198350418,DR PEPPER 600ML,15,23.00,345.00,2026-09-01
2,DULCE DE 2 PESOS,74,2.00,148.00,2026-09-01
4,DULCE DE 4 PESOS,220,4.00,880.00,2026-09-01
DUL,DULCE SURTIDO (LUCAS. PANZON. CRAYON. PELON),31,12.00,372.00,2026-09-01
RICO,DULCES RICOLINO (PANDITAS. KRANKIS. MORITAS. ETC),44,20.00,880.00,2026-09-01
7501030433453,DUO NAPOLITANO 140G,10,21.00,210.00,2026-09-01
7501030426912,DUO PAY NUEZ 95G,16,27.00,432.00,2026-09-01
7501067474153,DURAZNOS EN ALMIBAR LA TORRE 820G,3,65.00,195.00,2026-09-01
7501086801077,E PURA DE 10 L,38,49.00,1862.00,2026-09-01
ELE,ELECTROLIT 625ML,94,28.00,2632.00,2026-09-01
7501017005321,ELOTES LA COSTENA 220G,4,17.00,68.00,2026-09-01
7501017004515,ELOTES LA COSTENA 410G,2,25.00,50.00,2026-09-01
7500478021581,EMPERADOR COMBINADO 109G,7,25.00,175.00,2026-09-01
7500478043804,EMPERADOR DE CHOCOLATE,28,25.00,700.00,2026-09-01
7500478022502,EMPERADOR LIMON 109G,10,25.00,250.00,2026-09-01
7500478022540,EMPERADOR NUEZ 109G,2,25.00,50.00,2026-09-01
7500478022519,EMPERADOR VAINILLA 109G,7,25.00,175.00,2026-09-01
BICE,ENCENDEDOR BIC,4,10.00,40.00,2026-09-01
7502221793356,ENCENDEDOR ECONOMICO,3,7.00,21.00,2026-09-01
7501086106899,ENCENDEDOR TOKAI,39,11.00,429.00,2026-09-01
7501017005345,ENSALADA DE VERDURAS 220G,10,16.00,160.00,2026-09-01
7501017004157,ENSALADA VERDURAS 410G,13,24.00,312.00,2026-09-01
7501035906464,FABULOSO FRESCO AMANECER 500ML,5,25.00,125.00,2026-09-01
7501035910034,FABULOSO LAVANDA 1L,4,38.00,152.00,2026-09-01
75001162,FABULOSO LAVANDA 500ML,3,25.00,75.00,2026-09-01
7501035910041,FABULOSO MAR FRESCO 1L,2,38.00,76.00,2026-09-01
75001186,FABULOSO MAR FRESCO 500ML,2,25.00,50.00,2026-09-01
7501055304790,FANTA 3L,1,49.00,49.00,2026-09-01
7500478026579,FLORENTINAS CAJETA 110G,12,24.00,288.00,2026-09-01
7500478026562,FLORENTINAS FRESA 110G,4,24.00,96.00,2026-09-01
6925374535481,FOMMY CARAMELO 30ML,6,17.00,102.00,2026-09-01
7501059281165,FRESKAS 35G,24,20.00,480.00,2026-09-01
7501017004362,FRIJOLES COSTENA BAYOS ENTEROS 580G,18,22.00,396.00,2026-09-01
7501017004270,FRIJOLES COSTENA BAYOS REFRITOS 580G,4,22.00,88.00,2026-09-01
7501017004294,FRIJOLES COSTENA NEGROS ENTEROS 580G,19,22.00,418.00,2026-09-01
7501017004423,FRIJOLES COSTENA NEGROS REFRITOS 580G,12,22.00,264.00,2026-09-01
7501011116252,FRITOS CHILE 70G,5,22.00,110.00,2026-09-01
7501011112254,FRITOS CHORIZO 70G,16,22.00,352.00,2026-09-01
7501011110335,FRITOS SAL 70G,14,22.00,308.00,2026-09-01
7501055905843,FRUTAL DURAZNO 250ML,15,17.00,255.00,2026-09-01
7501055905836,FRUTAL FRESA 250ML,20,17.00,340.00,2026-09-01
7501055905850,FRUTAL PINA 250ML,3,17.00,51.00,2026-09-01
7501055317875,FUZE TEA DURAZNO 600ML,39,27.00,1053.00,2026-09-01
7501000153107,GANSITO 50G,36,19.00,684.00,2026-09-01
GAT,GATORADE SURTIDO 1L,47,38.00,1786.00,2026-09-01
7503002163023,GEL XTREME 250G,1,30.00,30.00,2026-09-01
75009076,GELATINA DANY FRESA,11,11.00,121.00,2026-09-01
75026202,GELATINA DANY MANDARINA,1,11.00,11.00,2026-09-01
75009083,GELATINA DANY PINA,4,11.00,44.00,2026-09-01
75026196,GELATINA DANY UVA,10,11.00,110.00,2026-09-01
75009090,GELATINA DANY LIMON,8,11.00,88.00,2026-09-01
735257002520,GELATINA DGARI FRAMBUESA EN POLVO 120G,1,17.00,17.00,2026-09-01
735257002452,GELATINA DGARI UVA EN POLVO 120G,3,17.00,51.00,2026-09-01
7506475102452,GERBER PERA 100G,1,15.00,15.00,2026-09-01
7501000906253,GERBER VERDURAS. RES Y ARROZ,1,20.00,20.00,2026-09-01
7500435154420,GILLETTE 2 NAVAJAS,7,23.00,161.00,2026-09-01
7702018880409,GILLETTE 3 NAVAJAS,15,30.00,450.00,2026-09-01
7500810029046,GOLDEN NUTS AMARILLOS 78G,6,22.00,132.00,2026-09-01
7500810029053,GOLDEN NUTS ROJOS 78G,6,22.00,132.00,2026-09-01
HAL,HALLS SURTIDAS,15,11.00,165.00,2026-09-01
7501018316006,HARINA TRIGO MODERNA 1K,3,25.00,75.00,2026-09-01
7501069210223,HOT CAKES TRES ESTRELLAS 1K,3,48.00,144.00,2026-09-01
7500810008874,HOT NUTS 82G,45,22.00,990.00,2026-09-01
7500810008881,HOT NUTS FUEGO 82G,10,22.00,220.00,2026-09-01
22110079806,HUBBA BUBBA,3,30.00,90.00,2026-09-01
HUE,HUEVO,263,42.00,11046.00,2026-09-01
80051831,HUEVO KINDER ANIMALITOS,1,28.00,28.00,2026-09-01
80741244,HUEVO KINDER CARRITO,5,28.00,140.00,2026-09-01
80135692,HUEVO KINDER DINOSAURIOS,6,28.00,168.00,2026-09-01
80741251,HUEVO KINDER MUNECA,4,28.00,112.00,2026-09-01
603554019193,TRUENO HUEVO 15G,8,6.00,48.00,2026-09-01
8719200450615,IBERIA 90G,24,18.00,432.00,2026-09-01
18804701139,ICE CEREZA DULCE,5,20.00,100.00,2026-09-01
18804701351,ICE MORA DULCE,4,20.00,80.00,2026-09-01
840004030739,ICEE ROPES 50G,9,20.00,180.00,2026-09-01
840004031705,ICEE ROPES TROPICAL,1,20.00,20.00,2026-09-01
7501071308598,ISADORA BAYO 400G,24,22.00,528.00,2026-09-01
7501071307782,ISADORA BAYOS 430G,5,22.00,110.00,2026-09-01
7501071307799,ISADORA NEGRO,2,22.00,44.00,2026-09-01
7501071308604,ISADORA NEGRO 400G,21,22.00,462.00,2026-09-01
7501071308581,ISADORA PERUANOS 400G,4,22.00,88.00,2026-09-01
7501017005000,JALAPENO COSTENA 220G,5,22.00,110.00,2026-09-01
PAV,JAMON PAVO GALICIA,34,160.00,5440.00,2026-09-01
JARL,JARRITO LATA SURTIDO,28,15.00,420.00,2026-09-01
JAR2,JARRITO SURTIDO 2L,129,28.00,3612.00,2026-09-01
JAR1,JARRITO SURTIDO 600ML,5,17.00,85.00,2026-09-01
80052760,KINDER BUENO,29,28.00,812.00,2026-09-01
80050315,KINDER CHOCOLATE 12.5G,67,10.00,670.00,2026-09-01
8000500267035,KINDER DELICE,35,19.00,665.00,2026-09-01
80050094,KINDER MAXI,44,17.00,748.00,2026-09-01
7891000248362,KIT KAT 41G,21,25.00,525.00,2026-09-01
7500810005064,KIYAKIS 120G,36,22.00,792.00,2026-09-01
7501017362950,KLEENEX SUELTOS,2,10.00,20.00,2026-09-01
7501005180306,KNORR SUIZA 10.5G,30,6.00,180.00,2026-09-01
7501005180504,KNORR TOMATE,1,6.00,6.00,2026-09-01
7501102610003,KOLA LOKA 2G,1,30.00,30.00,2026-09-01
7501102614322,KOLA LOKA BROCHA,1,36.00,36.00,2026-09-01
7501020565911,LALA DESLACTOSADA 1L,17,36.00,612.00,2026-09-01
7501020565935,LALA ENTERA 1L,39,34.00,1326.00,2026-09-01
717557051415,LAPOSSE GOTAS DE CHOCOLATE 45G,16,18.00,288.00,2026-09-01
717557054164,LAPOSSE PASITAS CHOCOLATE 45G,30,18.00,540.00,2026-09-01
717557054652,LAPOSSE PASITAS DE CHOCOLATE AMARGO,1,18.00,18.00,2026-09-01
7501059299436,LARIN ALMENDRA 24G,2,20.00,40.00,2026-09-01
7501059299429,LARIN AVELLANA 24G,1,20.00,20.00,2026-09-01
7501059299443,LARIN NUEZ 24G,4,20.00,80.00,2026-09-01
7501055900060,LECHE ALPURA CHOCOLATE 1L,8,37.00,296.00,2026-09-01
7501055915118,LECHE ALPURA NATURAL 200ML,9,13.00,117.00,2026-09-01
7501055900084,LECHE ALPURA VAINILLA 1L,4,37.00,148.00,2026-09-01
7501059211209,LECHERA 100G,7,17.00,119.00,2026-09-01
7506475104722,LECHERA NESTLE 375G,16,38.00,608.00,2026-09-01
7501668802034,LENTEJA ABETO 250G,1,15.00,15.00,2026-09-01
7503040150092,LINK AZUL 20S (SUELTO),206,5.00,1030.00,2026-09-01
C7503040150092,LINK AZUL 20S (CAJETILLA),55,50.00,2750.00,2026-09-01
7503040150115,LINK ROJO 20S (SUELTO),192,5.00,960.00,2026-09-01
C7503040150115,LINK ROJO 20S (CAJETILLA),33,48.00,1584.00,2026-09-01
7500810045596,LITTLE BITES SORPRESA,37,20.00,740.00,2026-09-01
744218120210,LUCKY FRUTITAS 100G,16,17.00,272.00,2026-09-01
744218120319,LUCKY GUMMY LOMBRICES 96G,5,17.00,85.00,2026-09-01
744218120111,LUCKY GUMMYS OSITOS 100GR,7,17.00,119.00,2026-09-01
19836202045,LULU ROJA 3L,4,44.00,176.00,2026-09-01
7502271917481,M&M AMARILLOS 37.5G,13,24.00,312.00,2026-09-01
7502271917528,M&M CAFES 37.8G,17,24.00,408.00,2026-09-01
MM,M&M TUBITO,5,25.00,125.00,2026-09-01
7501030477488,MADALENAS,15,24.00,360.00,2026-09-01
7501059297586,MAGGI 45ML,9,23.00,207.00,2026-09-01
7501668802010,MAIZ PALOMERO ABETO 250G,5,14.00,70.00,2026-09-01
7501005110242,MAIZENA NATURAL 95G,7,20.00,140.00,2026-09-01
C75021597,MARLBORO 100S (CAJETILLA),25,112.00,2800.00,2026-09-01
75021597,MARLBORO 100S 20S (SUELTO),114,10.00,1140.00,2026-09-01
75001384,MARLBORO ARCTIC FUSION 20S (SUELTO),26,10.00,260.00,2026-09-01
C75001384,MARLBORO ARCTIC FUSION 20S (CAJETILLA),8,108.00,864.00,2026-09-01
75068738,MARLBORO BLANCO 20S (SUELTO),28,10.00,280.00,2026-09-01
C75068738,MARLBORO BLANCO 20S (CAJETILLA),5,114.00,570.00,2026-09-01
75044916,MARLBORO CLAVO (SUELTO),138,10.00,1380.00,2026-09-01
C75044916,MARLBORO CLAVO 20S (CAJETILLA),5,114.00,570.00,2026-09-01
75019006,MARLBORO GUAYABA 20S (SUELTO),66,10.00,660.00,2026-09-01
C75019006,MARLBORO GUAYABA 20S (CAJETILLA),5,108.00,540.00,2026-09-01
75001360,MARLBORO PEPINO 20S (SUELTO),21,10.00,210.00,2026-09-01
C75001360,MARLBORO PEPINO 20S (CAJETILLA),5,108.00,540.00,2026-09-01
75001322,MARLBORO ROJO (SUELTO),242,10.00,2420.00,2026-09-01
C75001322,MARLBORO ROJO 20S (CAJETILLA),63,112.00,7056.00,2026-09-01
C75068783,MARLBORO RUBI 20S (CAJETILLA),4,110.00,440.00,2026-09-01
75068783,MARLBORO RUBI 20S (SUELTO),33,10.00,330.00,2026-09-01
75066345,MARLBORO SANDIA 20S (SUELTO),14,10.00,140.00,2026-09-01
C75066345,MARLBORO SANDIA 20S (CAJETILLA),22,108.00,2376.00,2026-09-01
7501000651375,MAMUT 44G,52,14.00,728.00,2026-09-01
MAN,MANCHEGO,7,240.00,1680.00,2026-09-01
7501030420859,MANTECADAS CHISPAS CHOCOLATE 190G,21,34.00,714.00,2026-09-01
7501030456124,MANTECADAS CHOCOLATE 3PZ TIA ROSA,12,29.00,348.00,2026-09-01
7500810014752,MANTECADAS MARMOL 187.5G,14,34.00,476.00,2026-09-01
7501030475514,MANTECADAS NUEZ 184.5G,11,34.00,374.00,2026-09-01
7501030475521,MANTECADAS VAINILLA 188G,28,34.00,952.00,2026-09-01
7501030456322,MANTECADAS VAINILLA 3PZ TIA ROSA,11,29.00,319.00,2026-09-01
7501479300088,MANZANITA DELICIOSA 3L,1,46.00,46.00,2026-09-01
7501022015391,MANZANITA SOL 1.75L,12,30.00,360.00,2026-09-01
7501022015445,MANZANITA SOL 3L,5,42.00,210.00,2026-09-01
7500478035922,MARIAS AZUCARADAS 144G,12,21.00,252.00,2026-09-01
7500478037254,MARIAS DORADAS 199,4,35.00,140.00,2026-09-01
7500478039135,MARIAS ORIGINALES,32,21.00,672.00,2026-09-01
41789001956,MARUCHAN CAMARON 64G,47,21.00,987.00,2026-09-01
41789001864,MARUCHAN CAMARON HABANERO 64G,97,21.00,2037.00,2026-09-01
41789001987,MARUCHAN CAMARON PIQUIN 64G,21,21.00,441.00,2026-09-01
41789001918,MARUCHAN POLLO 64G,27,21.00,567.00,2026-09-01
41789001925,MARUCHAN RES 64G,21,21.00,441.00,2026-09-01
7501199413006,MAS COLOR 415ML,4,22.00,88.00,2026-09-01
7501199413280,MAS COLOR 830ML,4,40.00,160.00,2026-09-01
7501077400050,MASECA 1K,3,27.00,81.00,2026-09-01
7501030457190,MAXI TUBO BARRITAS FRESA 222G,7,35.00,245.00,2026-09-01
7501030418542,MAXI TUBO CANELITAS 224G,10,35.00,350.00,2026-09-01
7501030418559,MAXI TUBO POLVORONES,4,35.00,140.00,2026-09-01
7501030418504,MAXI TUBO PRINCIPE 210G,16,35.00,560.00,2026-09-01
7501030418528,MAXITUBO TRIKITRAKES,15,35.00,525.00,2026-09-01
7501003111739,MAYONESA MC 228G,6,38.00,228.00,2026-09-01
7501003300652,MAYONESA MCCORMICK 105G,7,25.00,175.00,2026-09-01
7501003340122,MAYONESA MCCORMICK 190G,13,36.00,468.00,2026-09-01
7501003303387,MAYONESA MCCORMICK 468G,5,65.00,325.00,2026-09-01
MAZ,MAZAPAN GIGANTE,31,11.00,341.00,2026-09-01
717557060202,MAZAPAN LECHE NUEZ 20G,2,11.00,22.00,2026-09-01
MAZC,MAZAPAN ORIGINAL,2,6.00,12.00,2026-09-01
7501001600426,MEDIA CREMA NESTLE 225G,3,25.00,75.00,2026-09-01
7501000111503,MEDIAS NOCHES 8PZ 340G,15,49.00,735.00,2026-09-01
MED,MEDICAMENTO 2PZ SURTIDO (SEDALMERCK. PEPTO. XL-3),18,13.00,234.00,2026-09-01
7503023533515,MENTOS FRUTAS 29G,6,11.00,66.00,2026-09-01
7503023533492,MENTOS MINT MENTA 29G,2,11.00,22.00,2026-09-01
7501052474007,MERMELADA FRESA CLEMENTE 300G,2,36.00,72.00,2026-09-01
7501052474236,MERMELADA ZARZAMORA CLEMENTE,2,36.00,72.00,2026-09-01
7509546029825,NEUTRO BALANCE DESODORANTE 65ML,2,40.00,80.00,2026-09-01
7502263310214,MIGUELITO 250G,1,25.00,25.00,2026-09-01
7506174512200,MILKY WAY 48G,5,24.00,120.00,2026-09-01
737186930882,MINERALITA 2L,78,20.00,1560.00,2026-09-01
737186930875,MINERALITA 600ML,124,14.00,1736.00,2026-09-01
7501064191886,MODELO ESPECIAL LATON 473ML,193,31.00,5983.00,2026-09-01
7503034941163,MODELO NEGRA LATON 473ML,84,31.00,2604.00,2026-09-01
70847036043,MONSTER BLANCO 473ML,12,44.00,528.00,2026-09-01
70847035916,MONSTER ENERGY 473ML,16,44.00,704.00,2026-09-01
75086220,MONTANA CLASICO 1PZ (SUELTO),48,5.00,240.00,2026-09-01
C75086220,MONTANA CLASICO 20PZ (CAJETILLA),78,47.00,3666.00,2026-09-01
7506475126908,NESCAFE CLASICO 14% GRATIS,4,19.00,76.00,2026-09-01
7501000912803,NESCAFE CLASICO FRASCO 42G,4,56.00,224.00,2026-09-01
744607002691,NEW MIX PALOMA 473ML,33,38.00,1254.00,2026-09-01
744607002707,NEW MIX VAMPIRO 473ML,2,38.00,76.00,2026-09-01
7501000112784,NITO 62G,31,19.00,589.00,2026-09-01
7501030409854,NITO DUO 124G,47,29.00,1363.00,2026-09-01
80050100,NUTELLA & GO 52G,28,30.00,840.00,2026-09-01
80051671,NUTELLA 200G,7,65.00,455.00,2026-09-01
7501020544398,NUTRI LECHE DESLACTOSADA,8,29.00,232.00,2026-09-01
7501020540666,NUTRILECHE 1L,22,28.00,616.00,2026-09-01
OAX,OAXACA,37,192.00,7104.00,2026-09-01
30119550,OCB 1PZ,71,2.00,142.00,2026-09-01
C30119550,OCB 50PZ,4,38.00,152.00,2026-09-01
7501198355956,ORANGE CRUSH 400ML,1,14.00,14.00,2026-09-01
22000012173,ORBIT CARTERA HIERBABUENA,1,20.00,20.00,2026-09-01
7622210833662,OREO 114G,32,22.00,704.00,2026-09-01
7502251196486,OYUKI,30,13.00,390.00,2026-09-01
7501011155022,PAKETAXO FLAMIN 215G,1,67.00,67.00,2026-09-01
7500478044191,PAKETAXO FLAMIN 70G,4,25.00,100.00,2026-09-01
7501011154902,PAKETAXO MEZCLADITO 265G,4,67.00,268.00,2026-09-01
7500478044146,PAKETAXO MEZCLADITO 70G,2,25.00,50.00,2026-09-01
7501011155008,PAKETAXO QUEXO 208G,8,67.00,536.00,2026-09-01
7500478044139,PAKETAXO QUEXO 70G,8,24.00,192.00,2026-09-01
7501056900151,PALETA BUBBALOO XTREME FRESA,7,8.00,56.00,2026-09-01
7501056900168,PALETA BUBBALOO XTREME MORA,6,8.00,48.00,2026-09-01
PAYASO,PALETA PAYASO,7,18.00,126.00,2026-09-01
75071295,PALL MALL ALASKA 20S (SUELTO),446,10.00,4460.00,2026-09-01
C75071295,PALL MALL ALASKA 20S (CAJETILLA),40,108.00,4320.00,2026-09-01
75076429,PALL MALL HAWAII 1PZ (SUELTO),11,10.00,110.00,2026-09-01
C75076429,PALL MALL HAWAII 20S (CAJETILLA),9,108.00,972.00,2026-09-01
C75080495,PALL MALL ICELAND 20S (CAJETILLA),11,86.00,946.00,2026-09-01
75080495,PALL MALL ICELAND (SUELTO),29,7.00,203.00,2026-09-01
75083632,PALL MALL MANILA (MANGO) (SUELTO),17,10.00,170.00,2026-09-01
C75083632,PALL MALL MANILA (MANGO) (CAJETILLA),2,108.00,216.00,2026-09-01
75081058,PALL MALL MIAMI 1PZ (SUELTO),30,10.00,300.00,2026-09-01
C75081058,PALL MALL MIAMI 20S (CAJETILLA),4,108.00,432.00,2026-09-01
75080518,PALL MALL OSAKA (SUELTO),2,7.00,14.00,2026-09-01
C75064648,PALL MALL PEPINO 20S (CAJETILLA),5,108.00,540.00,2026-09-01
75064648,PALL MALL PEPINO (SUELTO),73,10.00,730.00,2026-09-01
75079017,PALL MALL PLATANO 20S (SUELTO),13,10.00,130.00,2026-09-01
C75079017,PALL MALL PLATANO 20S (CAJETILLA),1,108.00,108.00,2026-09-01
75052836,PALL MALL TOKIO 20S (SUELTO),57,10.00,570.00,2026-09-01
7509546075013,PALMOLIVE NEUTRO 100G,6,24.00,144.00,2026-09-01
7501000111855,PAN MOLIDO CLASICO 210G,10,31.00,310.00,2026-09-01
7501000149100,PAN MOLIDO CRUJIENTE 175G,3,31.00,93.00,2026-09-01
7501000111800,PAN TOSTADO CLASICO 210G,19,37.00,703.00,2026-09-01
7501000112333,PAN TOSTADO DOBLE FIBRA,3,39.00,117.00,2026-09-01
7501030491668,PAN TOSTADO INTEGRAL 250G,4,38.00,152.00,2026-09-01
7500810015797,PANQUE MARMOL 280G,19,45.00,855.00,2026-09-01
7500810015810,PANQUE NUEZ 280G,12,45.00,540.00,2026-09-01
7500810015803,PANQUE PASAS 280G,7,45.00,315.00,2026-09-01
7501000112388,PANQUECITOS CON CHISPAS,15,25.00,375.00,2026-09-01
7501050410557,PAPEL QUALITY 600 HOJAS,44,14.00,616.00,2026-09-01
7500366000629,PAPS CLASICA 170G,1,53.00,53.00,2026-09-01
7500810031278,PASTISETAS 90G,5,30.00,150.00,2026-09-01
7501030426905,PAY PINA 110GR,23,27.00,621.00,2026-09-01
PJ,PANAL JUMBO INDIVIDUAL,8,9.00,72.00,2026-09-01
7501031311682,PEPSI 1.5L,43,27.00,1161.00,2026-09-01
7501031310098,PEPSI 3L,56,37.00,2072.00,2026-09-01
7501031310012,PEPSI 600ML,52,18.00,936.00,2026-09-01
7501022013052,PEPSI BLACK 600ML,28,18.00,504.00,2026-09-01
7501943412217,PETALO 4 ROLLOS 300 HOJAS,12,33.00,396.00,2026-09-01
7501073830509,PENAFIEL NATURAL 600ML,44,19.00,836.00,2026-09-01
PEN1,PENAFIEL SURTIDA 600ML,192,23.00,4416.00,2026-09-01
PEN2,PENAFIEL SURTIDO 2L,79,40.00,3160.00,2026-09-01
7622210574091,PHILADELPHIA 120G,13,39.00,507.00,2026-09-01
73096500235,PILAS AA PANASONIC,4,35.00,140.00,2026-09-01
7441005014433,PILAS AAA PANASONIC,7,35.00,245.00,2026-09-01
41333000985,PILAS DURACELL D2,1,180.00,180.00,2026-09-01
7501030475743,PINGUINOS 3PZ,16,30.00,480.00,2026-09-01
7500810050880,PINGUINOS HERSHEYS COOKIES N CREME 80G,7,25.00,175.00,2026-09-01
7501025403027,PINOL 500ML,5,25.00,125.00,2026-09-01
7501025462017,PINOL 828ML + 172ML GRATIS,5,36.00,180.00,2026-09-01
58897091205,PINA EN ALMIBAR CORINA 800GR,2,62.00,124.00,2026-09-01
7501067474849,PINA REBANADA EN ALMIBAR LA TORRE,1,78.00,78.00,2026-09-01
7501102630001,PLASTI LOKA,2,30.00,60.00,2026-09-01
7501531905350,PLATOS DESECHABLES RECTANGULARES FIVE STAR 50PZ,3,35.00,105.00,2026-09-01
7500810028032,POLVORONES 148G,8,26.00,208.00,2026-09-01
7500810005057,POP KARAMELADAS 110G,10,20.00,200.00,2026-09-01
7500810011133,PRINCIPE AVELLANA 126G,11,26.00,286.00,2026-09-01
7500810011126,PRINCIPE AZULES 126G,36,26.00,936.00,2026-09-01
7500810011140,PRINCIPE CHOCOLATE BLANCO 126G,8,26.00,208.00,2026-09-01
730399007549,PRISPAS PICOSITAS 130G,4,33.00,132.00,2026-09-01
730399007501,PRISPAS PICOSITAS 50G,16,17.00,272.00,2026-09-01
76397007106,PURE DE TOMATE 350G,5,19.00,95.00,2026-09-01
7501017005611,PURE DE TOMATE COSTENA 210G,2,13.00,26.00,2026-09-01
7501032601058,QUESO AMERICANO LE CASTELL 180G,9,16.00,144.00,2026-09-01
PAN,QUESO PANELA,20,200.00,4000.00,2026-09-01
7501032902094,RAID LAMINITAS SUELTAS 1PZ,45,3.00,135.00,2026-09-01
7501017005024,RAJAS COSTENA 220G,4,22.00,88.00,2026-09-01
7501017006014,RAJAS LA COSTENA 105G,7,13.00,91.00,2026-09-01
7501011111028,RANCHERITOS 58G,17,22.00,374.00,2026-09-01
7501000112845,REBANADAS BIMBO 55G,33,9.00,297.00,2026-09-01
793573950079,RED COLA 3L,152,38.00,5776.00,2026-09-01
7503006897016,RED COLA 600ML,73,18.00,1314.00,2026-09-01
7501011145566,ROCKA LETA,17,10.00,170.00,2026-09-01
7501000153763,ROCKO 44G,33,12.00,396.00,2026-09-01
7503030199995,ROLES CANELA 180G,16,29.00,464.00,2026-09-01
7501000309726,ROLES CANELA FAMILIARES 365G,20,46.00,920.00,2026-09-01
7503030374002,ROLES GLASEADOS 205G,9,29.00,261.00,2026-09-01
7501000153459,ROLLO FRESA 75G,6,20.00,120.00,2026-09-01
7501026004605,ROMA 1K,2,55.00,110.00,2026-09-01
7501026004629,ROMA 250G,6,16.00,96.00,2026-09-01
7501026004612,ROMA 500G,6,30.00,180.00,2026-09-01
7622202301186,ROYAL POLVO PARA HORNEAR 100G,1,24.00,24.00,2026-09-01
7500478044368,RUFFLES AZULES 51G,20,22.00,440.00,2026-09-01
7500478046720,RUFFLES JALAPENO 50G,3,22.00,66.00,2026-09-01
7500478046706,RUFFLES MEGA CRUNCH SALSA ROJA 50G,4,22.00,88.00,2026-09-01
7500478044221,RUFFLES QUESO 51G,17,22.00,374.00,2026-09-01
7500478044269,RUFFLES QUESO BOLZAZA 88G,17,29.00,493.00,2026-09-01
7500810027820,RUNNERS FUEGO 72G,14,18.00,252.00,2026-09-01
7500810027837,RUNNERS ORIGINALES 72G,15,18.00,270.00,2026-09-01
7501019050664,SABA BUENAS NOCHES,7,28.00,196.00,2026-09-01
7501019006074,SABA INTIMA CLIP 10PZ,5,26.00,130.00,2026-09-01
7500478044092,SABRITAS ADOBADAS 48G,32,22.00,704.00,2026-09-01
7500478043965,SABRITAS CREMAS Y ESPECIAS 48G,19,22.00,418.00,2026-09-01
7500478045938,SABRITAS CRUJIENTES 57G,32,22.00,704.00,2026-09-01
7500478045945,SABRITAS CRUJIENTES FLAMIN BOLZAZA 75G,15,29.00,435.00,2026-09-01
7500478043972,SABRITAS HABANERO 42G,14,22.00,308.00,2026-09-01
7500478043958,SABRITAS LIMON 46G,20,22.00,440.00,2026-09-01
7501011165687,SABRITAS NATURALES 171 G,5,67.00,335.00,2026-09-01
7500478043927,SABRITAS NATURALES 42G,39,22.00,858.00,2026-09-01
7500478044320,SABRITAS SAL BOLZAZA 74G,20,29.00,580.00,2026-09-01
7501041941930,SAL DE UVAS PICOT,9,7.00,63.00,2026-09-01
34587030013,SAL FINA 1K,5,28.00,140.00,2026-09-01
7501000664221,SALADITAS GAMESA 186G,25,24.00,600.00,2026-09-01
7501040009761,SALCHICHAS FUD PAVO,53,33.00,1749.00,2026-09-01
7501030433927,SALMAS 144G,7,23.00,161.00,2026-09-01
738545010481,SALSA BOTANERA 370ML,6,20.00,120.00,2026-09-01
7501058628664,SALSA INGLESA 45ML,2,23.00,46.00,2026-09-01
97339000054,SALSA VALENTINA AMARILLA 370ML,15,21.00,315.00,2026-09-01
97339000061,SALSA VALENTINA NEGRA,1,22.00,22.00,2026-09-01
SALSA,SALSAS SURTIDAS,32,23.00,736.00,2026-09-01
7506195196984,SALVO LIQUIDO 300ML,9,24.00,216.00,2026-09-01
7501022014486,SANGRIA CASERA 1.75L,10,30.00,300.00,2026-09-01
7501031305957,SANGRIA CASERA 3L,8,42.00,336.00,2026-09-01
7500326103346,SANGRIA SENORIAL 2.6L,5,52.00,260.00,2026-09-01
7500326103360,SANGRIA SENORIAL 600ML,34,23.00,782.00,2026-09-01
7501295600157,SANTA CLARA DESLACTOSADA 1L,48,39.00,1872.00,2026-09-01
7501295600126,SANTA CLARA ENTERA 1L,42,38.00,1596.00,2026-09-01
7501023125129,SCOTCH BRITE NARANJA,3,35.00,105.00,2026-09-01
7501055377022,SENZAO 2LT,2,35.00,70.00,2026-09-01
7501055308330,SENZAO 600ML,17,23.00,391.00,2026-09-01
7501007704302,SERVILLETAS PETALO,6,20.00,120.00,2026-09-01
7509546015699,CHAMPU PALMOLIVE 2X1,17,5.00,85.00,2026-09-01
7501055340002,SIDRAL MUNDET 2L,23,35.00,805.00,2026-09-01
7501055340422,SIDRAL MUNDET 3L,13,49.00,637.00,2026-09-01
7501055339983,SIDRAL MUNDET 600ML,24,23.00,552.00,2026-09-01
7506174512248,SNICKERS 48G,19,24.00,456.00,2026-09-01
7502226816944,SKITTLES 22G,1,11.00,11.00,2026-09-01
7502226817170,SKITTLES 54G,14,22.00,308.00,2026-09-01
706460240467,SKWINKLES SALSAGHETI,10,24.00,240.00,2026-09-01
7502226813820,SKWINKLOTE 40G,6,17.00,102.00,2026-09-01
7501058629166,SOBRE CAPUCHINO MOCA 20G,5,15.00,75.00,2026-09-01
7501000911783,SOBRE NESCAFE,39,19.00,741.00,2026-09-01
7501058629128,SOBRE NESCAFE CAPUCHINO ORG. 20G,16,15.00,240.00,2026-09-01
7501058629142,SOBRE NESCAFE CAPUCHINO VAINILLA 20G,4,15.00,60.00,2026-09-01
SOBRE,SOBRE PEDIGREE Y WHISKAS COMIDA,143,14.00,2002.00,2026-09-01
7503007176479,SOL BOTANA 1/2 KILO,9,47.00,423.00,2026-09-01
7503022458581,SOL CACAHUATE JAPONES,16,17.00,272.00,2026-09-01
SOLC,SOL CHETOS SURTIDO,132,16.00,2112.00,2026-09-01
7503022458710,SOL CHICHARRON CERDO,7,85.00,595.00,2026-09-01
7501049967062,SOL CLAMATO 473ML,36,28.00,1008.00,2026-09-01
7503007176332,SOL EXTREMAS 500GR,1,89.00,89.00,2026-09-01
7503020501630,SOL ORIGINAL 500G,3,89.00,267.00,2026-09-01
SOL,SOL PAPAS SURTIDAS 100G,208,22.00,4576.00,2026-09-01
7503022458215,SOL PEPITAS,37,23.00,851.00,2026-09-01
7503020501715,SOL RIFADITAS 500G,3,89.00,267.00,2026-09-01
7503007176387,SOL TUBI SURTIDA 185G,32,23.00,736.00,2026-09-01
7503022458369,SOLCHESITOS 300G,3,30.00,90.00,2026-09-01
KNOR,SOPAS KNORR SURTIDAS,25,24.00,600.00,2026-09-01
MODERNA,SOPAS LA MODERNA SURTIDAS (ESPAGUETI. FIDEO. LETRAS. ESTRELLA),35,13.00,455.00,2026-09-01
7509546650630,SPEED STICK XTREME ULTRA,1,75.00,75.00,2026-09-01
7501000138944,SPONCH 120G,6,24.00,144.00,2026-09-01
7501055304806,SPRITE 3L,3,49.00,147.00,2026-09-01
7501055305629,SPRITE 600ML,18,23.00,414.00,2026-09-01
7501071120176,SQUIRT 1.5L,39,30.00,1170.00,2026-09-01
7501071120183,SQUIRT 600ML,41,21.00,861.00,2026-09-01
7501071120305,SQUIRT TORONJA 3L,25,49.00,1225.00,2026-09-01
7509546680163,SUAVITEL COMPLETE AMARILLO,6,33.00,198.00,2026-09-01
7509546680156,SUAVITEL COMPLETE AZUL,3,33.00,99.00,2026-09-01
7509546680132,SUAVITEL COMPLETE AZUL FUERTE 700ML,2,33.00,66.00,2026-09-01
7509546689487,SUAVITEL MOMENTOS MAGICOS 650ML,6,29.00,174.00,2026-09-01
7501000156214,SUBMARINOS CHOCOLATE 105G,7,21.00,147.00,2026-09-01
7501000153374,SUBMARINOS FRESA 405G,9,21.00,189.00,2026-09-01
7501000153282,SUBMARINOS VAINILLA 105G,7,21.00,147.00,2026-09-01
SUE,SUEROX 625ML,2,27.00,54.00,2026-09-01
7501030478386,SUPER PAN BLANCO WONDER,1,59.00,59.00,2026-09-01
7501030478409,SUPER PAN INTEGRAL WONDER,2,64.00,128.00,2026-09-01
633148100013,TAJIN 142GR,3,45.00,135.00,2026-09-01
7500810028353,TAKIS AZULES 70G,9,22.00,198.00,2026-09-01
757528038205,TAKIS FUEGO 200G,9,45.00,405.00,2026-09-01
7500810000465,TAKIS FUEGO 70G,1,22.00,22.00,2026-09-01
7500810003671,TAKIS FUEGO 70G,61,22.00,1342.00,2026-09-01
7500810000489,TAKIS HUAKAMOLES 70G,6,22.00,132.00,2026-09-01
7500810000441,TAKIS ORIGINAL 70G,5,22.00,110.00,2026-09-01
7500810000502,TAKIS SALSA BRAVA 70G,5,22.00,110.00,2026-09-01
ROC,TAMAROCA,12,12.00,144.00,2026-09-01
TAN,TANG SOBRE SURTIDO,19,10.00,190.00,2026-09-01
7500810015261,TARTINAS FRESA 133G,5,23.00,115.00,2026-09-01
7500810016190,TARTINAS PINA 133G,4,23.00,92.00,2026-09-01
7500810016206,TARTINAS ZARZAMORA 133G,4,23.00,92.00,2026-09-01
7503006995040,TE DE LIMON 1PZ,2,2.00,4.00,2026-09-01
7503006995002,TE DE MANZANILLA LAGGS,19,2.00,38.00,2026-09-01
7506475126793,TIN LARIN 21G,5,12.00,60.00,2026-09-01
7501011176713,TIX TIX DULCE,5,8.00,40.00,2026-09-01
619585104012,TOALLITAS BEBIN SUPER,3,30.00,90.00,2026-09-01
21136010541,TOPO CHICO 600ML,20,25.00,500.00,2026-09-01
7500810027813,TOREADAS 45G,3,18.00,54.00,2026-09-01
TOR,TORTILLAS,473,24.00,11352.00,2026-09-01
7501030486664,TORTILLINAS 22PZ,21,40.00,840.00,2026-09-01
7500810036624,TORTILLINAS TIA ROSA 15PZ,56,27.00,1512.00,2026-09-01
756702000328,TOSTADAS CHARRAS 280G,39,43.00,1677.00,2026-09-01
7501000157075,TOSTADAS MILPA REAL ONDULADAS 360G,11,42.00,462.00,2026-09-01
7501011126879,TOSTITOS FLAMIN,4,22.00,88.00,2026-09-01
7501011127012,TOSTITOS VERDES 62G,7,22.00,154.00,2026-09-01
TOT,TOTIS BOTANAS SURTIDAS,110,20.00,2200.00,2026-09-01
7501030480778,TOTOPOS MILPA REAL 280G,6,35.00,210.00,2026-09-01
7622210571328,TRIDENT XTRA CARE HIERBABUENA 13.6G,9,13.00,117.00,2026-09-01
7622210571410,TRIDENT XTRA CARE MENTA 13.6G,11,13.00,143.00,2026-09-01
7501000140855,TRIKI TRAKES 85G,17,24.00,408.00,2026-09-01
603554019216,TRUENO CANGREJO 15G,3,6.00,18.00,2026-09-01
TUPSI,TUPSI POP,35,8.00,280.00,2026-09-01
7502271915784,TURIN ZERO AZUCAR 16G,6,19.00,114.00,2026-09-01
7501030429340,TWINKIES CHOCOLATE 114G,24,20.00,480.00,2026-09-01
7501030429319,TWINKIES VAINILLA 114G,14,20.00,280.00,2026-09-01
7501055330812,VALLE FRUT 3L,34,49.00,1666.00,2026-09-01
7501055330683,VALLE FRUT 600ML,28,23.00,644.00,2026-09-01
7501055342730,VALLE FRUT GUAYABA 2LT,4,36.00,144.00,2026-09-01
7501055337507,VALLE FRUT MANZANA 2LT,14,36.00,504.00,2026-09-01
7501055330461,VALLE FRUT NARANJA 2L,39,36.00,1404.00,2026-09-01
7501058715364,VANISH 420ML,2,33.00,66.00,2026-09-01
VAS,VASO DESECHABLE SUELTO,159,1.00,159.00,2026-09-01
616276400019,VASO TRASLUCIDO BUSSCUPP 50PZ,10,35.00,350.00,2026-09-01
VELP,VELA PALO,25,8.00,200.00,2026-09-01
VELE2,VELADORA ECOLOGICA 1 SEMANA,5,43.00,215.00,2026-09-01
VELE1,VELADORA ECOLOGICA 1/2 SEMANA,8,27.00,216.00,2026-09-01
VELL,VELADORA LIMONERA,4,28.00,112.00,2026-09-01
VEL,VELADORA PAPEL,2,16.00,32.00,2026-09-01
75916565,VICK VAPORUB 12G,2,35.00,70.00,2026-09-01
7501064194139,VICTORIA LATON 473ML,170,29.00,4930.00,2026-09-01
7501017003068,VINAGRE BLANCO LA COSTENA 1.05L,7,20.00,140.00,2026-09-01
7503027753650,VOLT LATA MORA 473ML,62,23.00,1426.00,2026-09-01
7500464333803,VUALA CAJETA,8,23.00,184.00,2026-09-01
7503023836142,VUALA SORPRESA CHOCOLATE,20,23.00,460.00,2026-09-01
7503023836135,VUALA SORPRESA VAINILLA,3,23.00,69.00,2026-09-01
YAK,YAKULT,93,10.00,930.00,2026-09-01
7501040098116,YOGUR GRIEGO YOPLAIT FRESA 120G,8,17.00,136.00,2026-09-01
7501055912414,YOGUR VASO DURAZNO 125G,12,12.00,144.00,2026-09-01
7501055912438,YOGUR VASO MANZANA 125G,5,12.00,60.00,2026-09-01
7501026005381,ZOTE BLANCO 200G,3,18.00,54.00,2026-09-01
7501026005688,ZOTE ROSA 200G,1,18.00,18.00,2026-09-01
